{"cameraMode":{"drawMode":0,"name":"Shaded","section":"Shading Mode"},"sceneLighting":false,"audioPlay":false,"sceneViewState":{"m_AlwaysRefresh":false,"showFog":true,"showSkybox":false,"showFlares":true,"showImageEffects":true,"showParticleSystems":true,"showVisualEffectGraphs":true,"m_FxEnabled":true},"in2DMode":false,"pivot":{"x":0.0030356645584106447,"y":-0.008078515529632569,"z":0.004196047782897949},"rotation":{"x":0.02304995059967041,"y":-0.9743985533714294,"z":0.11837954074144364,"w":0.18971693515777589},"size":1.0791172981262208,"orthographic":false}