{"cameraMode":{"drawMode":0,"name":"Shaded","section":"Shading Mode"},"sceneLighting":true,"audioPlay":false,"sceneViewState":{"m_AlwaysRefresh":false,"showFog":true,"showSkybox":true,"showFlares":true,"showImageEffects":true,"showParticleSystems":true,"showVisualEffectGraphs":true,"m_FxEnabled":true},"in2DMode":false,"pivot":{"x":-126.17718505859375,"y":-137.2187042236328,"z":-1214.7908935546875},"rotation":{"x":0.0026587648317217829,"y":-0.9973360896110535,"z":0.05180569738149643,"w":0.05120410770177841},"size":620.0294189453125,"orthographic":false}