{"cameraMode":{"drawMode":0,"name":"Shaded","section":"Shading Mode"},"sceneLighting":true,"audioPlay":false,"sceneViewState":{"m_AlwaysRefresh":false,"showFog":true,"showSkybox":true,"showFlares":true,"showImageEffects":true,"showParticleSystems":true,"showVisualEffectGraphs":true,"m_FxEnabled":true},"in2DMode":false,"pivot":{"x":0.13582104444503785,"y":9.471652030944825,"z":-1.0357427597045899},"rotation":{"x":0.017110349610447885,"y":-0.9070001244544983,"z":0.4191550314426422,"w":0.0370216965675354},"size":1.7776379585266114,"orthographic":false}