{"cameraMode":{"drawMode":0,"name":"Shaded","section":"Shading Mode"},"sceneLighting":true,"audioPlay":false,"sceneViewState":{"m_AlwaysRefresh":false,"showFog":true,"showSkybox":true,"showFlares":true,"showImageEffects":true,"showParticleSystems":true,"showVisualEffectGraphs":true,"m_FxEnabled":true},"in2DMode":false,"pivot":{"x":-0.3594706356525421,"y":-63.80520248413086,"z":-107.58077239990235},"rotation":{"x":-0.0064397999085485939,"y":0.9689531922340393,"z":-0.24576465785503388,"w":-0.02558434009552002},"size":82.50946044921875,"orthographic":false}