{"cameraMode":{"drawMode":0,"name":"Shaded","section":"Shading Mode"},"sceneLighting":false,"audioPlay":false,"sceneViewState":{"m_AlwaysRefresh":false,"showFog":true,"showSkybox":false,"showFlares":true,"showImageEffects":true,"showParticleSystems":true,"showVisualEffectGraphs":true,"m_FxEnabled":true},"in2DMode":false,"pivot":{"x":-1.0914580821990967,"y":-0.010221058502793312,"z":-1.5876857042312623},"rotation":{"x":0.037955787032842639,"y":-0.9517765045166016,"z":0.13160109519958497,"w":0.2745075225830078},"size":2.420133352279663,"orthographic":false}