{"cameraMode":{"drawMode":0,"name":"Shaded","section":"Shading Mode"},"sceneLighting":false,"audioPlay":false,"sceneViewState":{"m_AlwaysRefresh":false,"showFog":true,"showSkybox":false,"showFlares":true,"showImageEffects":true,"showParticleSystems":true,"showVisualEffectGraphs":true,"m_FxEnabled":true},"in2DMode":false,"pivot":{"x":2.0486085414886476,"y":-9.999222755432129,"z":14.516071319580079},"rotation":{"x":0.02304995059967041,"y":-0.9743985533714294,"z":0.11837954074144364,"w":0.18971693515777589},"size":1.0618247985839844,"orthographic":false}